0.001005,"[ 0  0  0  0  0  0  0  0  0  0  0  0  0  0  0  0  0  0  0  0  1  4  5 10 20
 33 32 43 51 65 63 58 58 40 42 23 21 12  8  4  7  0  0  0  0  0  0  0  0  0
  0  0  0  0  0  0  0  0  0  0]"
0.002005,"[ 0  0  0  0  0  0  0  0  0  0  0  0  0  0  0  0  0  1  0  1  0  2  9 14 18
 17 39 52 58 53 73 59 48 49 33 32 25  7  4  4  1  1  0  0  0  0  0  0  0  0
  0  0  0  0  0  0  0  0  0  0]"
0.003005,"[ 0  0  0  0  0  0  0  0  0  0  0  0  0  0  0  0  0  1  0  0  3  1  8 10 19
 33 31 52 64 56 76 52 64 36 31 18 20  6  6 10  0  2  1  0  0  0  0  0  0  0
  0  0  0  0  0  0  0  0  0  0]"
0.004005,"[ 0  0  0  0  0  0  0  0  0  0  0  0  0  0  0  0  0  0  0  3  1  3  5 10 20
 24 41 47 55 66 61 66 52 44 30 22 31 14  4  0  1  0  0  0  0  0  0  0  0  0
  0  0  0  0  0  0  0  0  0  0]"
0.005005,"[ 0  0  0  0  0  0  0  0  0  0  0  0  0  0  0  0  0  0  1  1  0  4  9 12 25
 35 31 42 48 68 65 57 55 42 31 23 21 14  4  4  2  2  4  0  0  0  0  0  0  0
  0  0  0  0  0  0  0  0  0  0]"
0.006005,"[ 0  0  0  0  0  0  0  0  0  0  0  0  0  0  0  0  0  0  0  1  5  1 11 12 25
 33 30 50 56 64 68 48 51 52 32 21  9 17  4  5  4  0  1  0  0  0  0  0  0  0
  0  0  0  0  0  0  0  0  0  0]"
0.007005,"[ 0  0  0  0  0  0  0  0  0  0  0  0  0  0  0  0  0  1  0  2  2  1 12 16 20
 20 36 55 55 47 60 76 45 47 43 21 17 11  8  3  2  0  0  0  0  0  0  0  0  0
  0  0  0  0  0  0  0  0  0  0]"
0.008005,"[ 0  0  0  0  0  0  0  0  0  0  0  0  0  0  0  0  0  0  0  2  1  0  4 10 16
 26 35 54 64 59 68 54 62 42 31 28 21 11  6  1  1  2  2  0  0  0  0  0  0  0
  0  0  0  0  0  0  0  0  0  0]"
0.009005,"[ 0  0  0  0  0  0  0  0  0  0  0  0  0  0  0  0  0  1  0  1  1  3 12  6 30
 40 47 47 55 48 56 63 53 42 37 11 18 10  9  7  2  1  0  0  0  0  0  0  0  0
  0  0  0  0  0  0  0  0  0  0]"
0.010005,"[ 0  0  0  0  0  0  0  0  0  0  0  0  0  0  0  0  1  1  2  0  3  5 13 11 21
 28 33 41 73 57 59 55 46 50 41 21 18 11  6  3  0  1  0  0  0  0  0  0  0  0
  0  0  0  0  0  0  0  0  0  0]"
0.011005,"[ 0  0  0  0  0  0  0  0  0  0  0  0  0  0  0  0  0  0  0  1  4  2  6  2 24
 23 35 54 60 57 66 57 44 51 36 33 19 15  6  3  1  1  0  0  0  0  0  0  0  0
  0  0  0  0  0  0  0  0  0  0]"
0.012005,"[ 0  0  0  0  0  0  0  0  0  0  0  0  0  0  0  0  0  0  0  0  1  3  7 18 35
 27 49 36 58 47 54 58 66 40 33 19 23 15  7  3  0  1  0  0  0  0  0  0  0  0
  0  0  0  0  0  0  0  0  0  0]"
0.013005,"[ 0  0  0  0  0  0  0  0  0  0  0  0  0  0  0  0  0  0  0  1  3  4  9 10 20
 31 52 40 53 58 54 55 53 44 40 29 15 12  6  8  2  1  0  0  0  0  0  0  0  0
  0  0  0  0  0  0  0  0  0  0]"
0.014005,"[ 0  0  0  0  0  0  0  0  0  0  0  0  0  0  0  0  0  0  0  2  2  7  1 10 13
 30 35 54 57 55 73 66 55 47 25 30 15 10  6  3  3  1  0  0  0  0  0  0  0  0
  0  0  0  0  0  0  0  0  0  0]"
0.015005,"[ 0  0  0  0  0  0  0  0  0  0  0  0  0  0  0  1  0  0  2  1  4  1  6 13 17
 30 35 53 55 56 64 59 43 50 33 26 23  9  5  7  2  3  2  0  0  0  0  0  0  0
  0  0  0  0  0  0  0  0  0  0]"
0.016005,"[ 0  0  0  0  0  0  0  0  0  0  0  0  0  0  0  0  0  0  0  3  1  5  6  9 17
 25 34 43 63 67 65 60 54 41 33 26 17  8 10  6  4  3  0  0  0  0  0  0  0  0
  0  0  0  0  0  0  0  0  0  0]"
0.017005,"[ 0  0  0  0  0  0  0  0  0  0  0  0  0  0  0  0  1  0  0  1  1  3 10  8 13
 21 34 43 44 66 76 61 53 45 43 25 20  8 15  5  2  2  0  0  0  0  0  0  0  0
  0  0  0  0  0  0  0  0  0  0]"
0.018005,"[ 0  0  0  0  0  0  0  0  0  0  0  0  0  0  0  0  1  0  1  2  2  7  5 14 18
 31 39 47 60 59 56 53 62 51 28 26  6 12 12  2  4  1  1  0  0  0  0  0  0  0
  0  0  0  0  0  0  0  0  0  0]"
0.019005,"[ 0  0  0  0  0  0  0  0  0  0  0  0  0  0  0  0  0  0  0  0  4  1  5  9 11
 25 34 43 40 65 72 72 58 58 36 22 19 16  5  4  1  0  0  0  0  0  0  0  0  0
  0  0  0  0  0  0  0  0  0  0]"
0.020005,"[ 0  0  0  0  0  0  0  0  0  0  0  0  0  0  0  0  0  0  0  1  5  9  5 11 16
 39 35 43 55 56 73 64 59 34 39 24 14  7  5  4  2  0  0  0  0  0  0  0  0  0
  0  0  0  0  0  0  0  0  0  0]"
0.021005,"[ 0  0  0  0  0  0  0  0  0  0  0  0  0  0  0  0  0  0  2  0  4  4  7 27 20
 30 25 55 45 54 55 76 47 46 37 28 14 11  3  3  4  1  2  0  0  0  0  0  0  0
  0  0  0  0  0  0  0  0  0  0]"
0.022005,"[ 0  0  0  0  0  0  0  0  0  0  0  0  0  0  0  0  0  0  0  0  2  3  9 13 15
 23 26 52 60 61 60 56 53 46 34 33 21 11  9  3  4  5  0  0  0  1  0  0  0  0
  0  0  0  0  0  0  0  0  0  0]"
0.023005,"[ 0  0  0  0  0  0  0  0  0  0  0  0  0  0  0  0  0  0  1  2  4  4  5 11 23
 24 40 47 61 55 60 54 56 44 37 25 18 17  7  1  3  1  0  0  0  0  0  0  0  0
  0  0  0  0  0  0  0  0  0  0]"
0.024005,"[ 0  0  0  0  0  0  0  0  0  0  0  0  0  0  0  0  0  0  0  1  3  5  2 21 23
 27 38 29 76 50 65 50 61 37 28 29 24 14  8  5  3  1  0  0  0  0  0  0  0  0
  0  0  0  0  0  0  0  0  0  0]"
0.025005,"[ 0  0  0  0  0  0  0  0  0  0  0  0  0  0  0  0  0  0  0  0  0  7  4  8 24
 35 45 46 62 70 72 56 38 41 32 23 14  9  6  4  3  1  0  0  0  0  0  0  0  0
  0  0  0  0  0  0  0  0  0  0]"
0.026005,"[ 0  0  0  0  0  0  0  0  0  0  0  0  0  0  0  0  0  0  0  0  3  4  8 12 18
 28 33 41 60 37 76 62 68 46 32 27 18 14  6  4  3  0  0  0  0  0  0  0  0  0
  0  0  0  0  0  0  0  0  0  0]"
0.027005,"[ 0  0  0  0  0  0  0  0  0  0  0  0  0  0  0  0  0  0  0  0  3 10  6 13 15
 17 33 42 60 66 72 60 57 48 26 30 11 10 15  2  2  2  0  0  0  0  0  0  0  0
  0  0  0  0  0  0  0  0  0  0]"
0.028005,"[ 0  0  0  0  0  0  0  0  0  0  0  0  0  0  0  0  0  0  0  2  2  6 10 10 21
 37 29 42 67 55 61 57 49 44 33 26 25 13  4  3  1  2  0  1  0  0  0  0  0  0
  0  0  0  0  0  0  0  0  0  0]"
0.029005,"[ 0  0  0  0  0  0  0  0  0  0  0  0  0  0  0  0  0  0  0  2  1  3  6 11 18
 27 46 48 42 52 72 64 47 53 38 22 23 11  7  6  1  0  0  0  0  0  0  0  0  0
  0  0  0  0  0  0  0  0  0  0]"
0.030005,"[ 0  0  0  0  0  0  0  0  0  0  0  0  0  0  0  0  0  1  0  0  2 10 14 11 24
 33 37 54 58 79 54 53 50 44 18 20 23  8  4  2  0  0  0  1  0  0  0  0  0  0
  0  0  0  0  0  0  0  0  0  0]"
0.031005,"[ 0  0  0  0  0  0  0  0  0  0  0  0  0  0  0  0  0  0  0  0  2  6  9 15 19
 31 33 29 50 70 54 58 58 45 37 23 24 19  9  7  1  0  0  1  0  0  0  0  0  0
  0  0  0  0  0  0  0  0  0  0]"
0.032005,"[ 0  0  0  0  0  0  0  0  0  0  0  0  0  0  0  0  0  0  1  0  4  6 13 15 16
 30 34 45 58 65 63 55 61 43 32 30 13  7  6  2  1  0  0  0  0  0  0  0  0  0
  0  0  0  0  0  0  0  0  0  0]"
0.033005,"[ 0  0  0  0  0  0  0  0  0  0  0  0  0  0  0  0  0  0  1  3  2  6  8 10 21
 39 46 42 67 48 57 63 49 34 35 25 19  8  9  7  0  1  0  0  0  0  0  0  0  0
  0  0  0  0  0  0  0  0  0  0]"
0.034005,"[ 0  0  0  0  0  0  0  0  0  0  0  0  0  0  0  0  0  0  0  0  0  9  3 13 23
 39 39 55 58 49 53 59 57 50 32 20 13 12 10  2  1  1  2  0  0  0  0  0  0  0
  0  0  0  0  0  0  0  0  0  0]"
0.035005,"[ 0  0  0  0  0  0  0  0  0  0  0  0  0  0  0  0  0  0  0  3  3  1 11  9 26
 28 50 47 60 69 64 56 45 35 30 27 13 11  4  3  3  1  0  1  0  0  0  0  0  0
  0  0  0  0  0  0  0  0  0  0]"
0.036005,"[ 0  0  0  0  0  0  0  0  0  0  0  0  0  0  0  0  0  0  0  2  2  3  3 20 18
 30 46 49 53 59 80 50 56 43 29 16 19 14  4  1  2  0  1  0  0  0  0  0  0  0
  0  0  0  0  0  0  0  0  0  0]"
0.037005,"[ 0  0  0  0  0  0  0  0  0  0  0  0  0  0  0  0  0  0  2  2  2  3 11 16 26
 25 37 53 53 69 65 63 42 36 27 23 17 17  5  3  2  0  1  0  0  0  0  0  0  0
  0  0  0  0  0  0  0  0  0  0]"
0.038005,"[ 0  0  0  0  0  0  0  0  0  0  0  0  0  0  0  0  1  1  1  0  1  4 10  8 17
 22 34 56 56 74 71 62 59 31 23 27 16 12  9  3  2  0  0  0  0  0  0  0  0  0
  0  0  0  0  0  0  0  0  0  0]"
0.039005,"[ 0  0  0  0  0  0  0  0  0  0  0  0  0  0  0  0  0  0  0  3  3 13 12 13 24
 29 48 51 41 59 43 53 57 46 31 29 19  8  4  7  6  1  0  0  0  0  0  0  0  0
  0  0  0  0  0  0  0  0  0  0]"
0.040005,"[ 0  0  0  0  0  0  0  0  0  0  0  0  0  0  0  0  0  0  0  2  4  5  5 17 25
 30 33 47 60 52 57 60 56 48 30 30 19  7  2  6  3  2  0  0  0  0  0  0  0  0
  0  0  0  0  0  0  0  0  0  0]"
0.041005,"[ 0  0  0  0  0  0  0  0  0  0  0  0  0  0  0  0  0  1  1  3  5  3  3 11 22
 33 39 57 66 60 52 48 48 44 40 21 16 14 10  1  0  2  0  0  0  0  0  0  0  0
  0  0  0  0  0  0  0  0  0  0]"
0.042005,"[ 0  0  0  0  0  0  0  0  0  0  0  0  0  0  0  0  0  0  1  4  2  2 13 18 25
 21 35 40 49 76 62 60 53 45 32 21 17  9  6  4  4  0  0  1  0  0  0  0  0  0
  0  0  0  0  0  0  0  0  0  0]"
0.043005,"[ 0  0  0  0  0  0  0  0  0  0  0  0  0  0  0  0  0  0  0  2  5  4  7 12 23
 30 35 40 60 64 63 53 47 30 39 22 20 17 10  8  8  1  0  0  0  0  0  0  0  0
  0  0  0  0  0  0  0  0  0  0]"
0.044005,"[ 0  0  0  0  0  0  0  0  0  0  0  0  0  0  0  0  0  0  1  1  1  7  7 10 23
 33 34 56 66 65 61 63 41 41 28 25 18  7  8  2  1  0  1  0  0  0  0  0  0  0
  0  0  0  0  0  0  0  0  0  0]"
0.045005,"[ 0  0  0  0  0  0  0  0  0  0  0  0  0  0  0  0  0  0  2  1  4  3 10 18 21
 32 40 60 42 58 48 59 60 35 32 28 17 13  8  4  4  0  1  0  0  0  0  0  0  0
  0  0  0  0  0  0  0  0  0  0]"
0.046005,"[ 0  0  0  0  0  0  0  0  0  0  0  0  0  0  0  0  0  0  0  1  2  1  9 18 20
 35 52 50 42 55 58 57 70 33 27 28 13 16  6  2  2  2  1  0  0  0  0  0  0  0
  0  0  0  0  0  0  0  0  0  0]"
0.047005,"[ 0  0  0  0  0  0  0  0  0  0  0  0  0  0  0  0  1  0  1  0  5  4 16 16 17
 34 35 48 54 54 63 58 40 44 34 24 20 11 14  4  1  2  0  0  0  0  0  0  0  0
  0  0  0  0  0  0  0  0  0  0]"
0.048005,"[ 0  0  0  0  0  0  0  0  0  0  0  0  0  0  0  0  0  0  1  2  2  2  2 10 18
 37 49 71 61 52 58 62 45 27 32 31 21  8  5  3  1  0  0  0  0  0  0  0  0  0
  0  0  0  0  0  0  0  0  0  0]"
0.049005,"[ 0  0  0  0  0  0  0  0  0  0  0  0  0  0  0  0  0  0  2  1  6  9  7 11 29
 36 44 38 45 66 65 56 46 41 38 33 15  5  4  3  0  0  0  0  0  0  0  0  0  0
  0  0  0  0  0  0  0  0  0  0]"
0.050005,"[ 0  0  0  0  0  0  0  0  0  0  0  0  0  0  0  0  0  0  2  0  0  3  6 11 21
 28 49 41 65 62 66 67 57 27 27 22 17 18  5  5  1  0  0  0  0  0  0  0  0  0
  0  0  0  0  0  0  0  0  0  0]"
0.051005,"[ 0  0  0  0  0  0  0  0  0  0  0  0  0  0  0  0  0  1  0  0  3  3  9 10 19
 31 39 44 61 60 54 47 53 49 49 23 14 12 11  5  1  2  0  0  0  0  0  0  0  0
  0  0  0  0  0  0  0  0  0  0]"
0.052005,"[ 0  0  0  0  0  0  0  0  0  0  0  0  0  0  0  0  0  0  0  2  3  9 10 19 16
 23 40 54 60 65 64 47 46 47 36 21 14 13  5  5  1  0  0  0  0  0  0  0  0  0
  0  0  0  0  0  0  0  0  0  0]"
0.053005,"[ 0  0  0  0  0  0  0  0  0  0  0  0  0  0  0  0  0  0  1  0  4  5 16  8 28
 32 42 46 61 73 59 59 55 37 29 14  8  9 10  2  1  0  1  0  0  0  0  0  0  0
  0  0  0  0  0  0  0  0  0  0]"
0.054005,"[ 0  0  0  0  0  0  0  0  0  0  0  0  0  0  0  0  0  0  0  0  4  9 14 15 15
 34 36 41 56 64 48 63 58 57 33 25 13  5  4  2  3  1  0  0  0  0  0  0  0  0
  0  0  0  0  0  0  0  0  0  0]"
0.055005,"[ 0  0  0  0  0  0  0  0  0  0  0  0  0  0  0  0  0  0  1  2  5  0 12 19 22
 35 48 50 50 67 54 62 57 36 22 21 18  6  7  3  1  0  0  2  0  0  0  0  0  0
  0  0  0  0  0  0  0  0  0  0]"
0.056005,"[ 0  0  0  0  0  0  0  0  0  0  0  0  0  0  0  0  0  0  0  1  4  8 11  9 21
 31 42 47 50 68 60 59 54 37 34 19 15 14  9  4  3  0  0  0  0  0  0  0  0  0
  0  0  0  0  0  0  0  0  0  0]"
0.057005,"[ 0  0  0  0  0  0  0  0  0  0  0  0  0  0  0  1  0  0  1  2  1  8 13 16 23
 36 49 45 55 51 68 56 52 33 30 23 18  9  5  2  2  1  0  0  0  0  0  0  0  0
  0  0  0  0  0  0  0  0  0  0]"
0.058005,"[ 0  0  0  0  0  0  0  0  0  0  0  0  0  0  0  0  0  0  1  3  4  5  4 12 16
 23 43 59 54 53 51 63 51 51 31 32 18 12  6  4  0  3  0  1  0  0  0  0  0  0
  0  0  0  0  0  0  0  0  0  0]"
0.059005,"[ 0  0  0  0  0  0  0  0  0  0  0  0  0  0  0  0  0  0  0  1  4  7 14 14 22
 47 48 57 48 45 55 59 52 32 31 20 19 16  4  3  1  1  0  0  0  0  0  0  0  0
  0  0  0  0  0  0  0  0  0  0]"
0.060005,"[ 0  0  0  0  0  0  0  0  0  0  0  0  0  0  0  0  0  0  1  1  4  8 11 21 22
 37 36 48 59 71 60 51 51 35 30 17 13 12  8  3  1  0  0  0  0  0  0  0  0  0
  0  0  0  0  0  0  0  0  0  0]"
0.061005,"[ 0  0  0  0  0  0  0  0  0  0  0  0  0  0  0  0  0  1  0  3  3  7 10 21 22
 39 37 47 45 54 71 62 47 42 37 22 11  6  3  4  4  2  0  0  0  0  0  0  0  0
  0  0  0  0  0  0  0  0  0  0]"
0.062005,"[ 0  0  0  0  0  0  0  0  0  0  0  0  0  0  0  0  1  1  0  0  3  2  8  8 22
 39 46 48 69 66 68 55 37 46 26 19 15 13  5  2  0  1  0  0  0  0  0  0  0  0
  0  0  0  0  0  0  0  0  0  0]"
0.063005,"[ 0  0  0  0  0  0  0  0  0  0  0  0  0  0  0  0  1  0  4  2  1  3  4 12 25
 39 29 47 64 60 69 57 45 34 34 29 16 14  6  3  2  0  0  0  0  0  0  0  0  0
  0  0  0  0  0  0  0  0  0  0]"
0.064005,"[ 0  0  0  0  0  0  0  0  0  0  0  0  0  0  0  0  0  0  1  1  2  7  4 13 22
 21 34 61 54 70 53 62 60 39 32 27 15 16  3  3  0  0  0  0  0  0  0  0  0  0
  0  0  0  0  0  0  0  0  0  0]"
0.065005,"[ 0  0  0  0  0  0  0  0  0  0  0  0  0  0  0  0  1  0  0  2  7  7 10 18 36
 28 43 50 44 50 64 52 40 54 34 26 11 10  7  3  1  2  0  0  0  0  0  0  0  0
  0  0  0  0  0  0  0  0  0  0]"
0.066005,"[ 0  0  0  0  0  0  0  0  0  0  0  0  0  0  0  0  0  0  2  2  4  7  4 17 24
 35 45 50 56 61 61 57 51 36 40 15 16 10  2  1  3  1  0  0  0  0  0  0  0  0
  0  0  0  0  0  0  0  0  0  0]"
0.067005,"[ 0  0  0  0  0  0  0  0  0  0  0  0  0  0  0  0  0  0  1  3  4  4 13 11 37
 27 48 55 54 62 59 48 54 33 30 21 21 10  4  0  1  0  0  0  0  0  0  0  0  0
  0  0  0  0  0  0  0  0  0  0]"
0.068005,"[ 0  0  0  0  0  0  0  0  0  0  0  0  0  0  0  0  1  0  3  3  2  6 11 12 25
 32 48 47 41 79 61 59 44 48 34 16 12  4  8  3  1  0  0  0  0  0  0  0  0  0
  0  0  0  0  0  0  0  0  0  0]"
0.069005,"[ 0  0  0  0  0  0  0  0  0  0  0  0  0  0  0  0  0  1  0  2  1  3 10  9 21
 34 36 59 51 79 64 47 50 50 27 26 16  5  4  3  0  1  1  0  0  0  0  0  0  0
  0  0  0  0  0  0  0  0  0  0]"
0.070005,"[ 0  0  0  0  0  0  0  0  0  0  0  0  0  0  0  0  2  0  0  4  2  5  4 21 22
 41 55 56 58 70 51 61 46 29 18 23 15 12  2  2  0  1  0  0  0  0  0  0  0  0
  0  0  0  0  0  0  0  0  0  0]"
0.071005,"[ 0  0  0  0  0  0  0  0  0  0  0  0  0  0  0  0  0  0  1  0  6  5  7 13 27
 33 50 51 49 64 68 53 49 36 30 27 16  7  6  0  1  0  0  1  0  0  0  0  0  0
  0  0  0  0  0  0  0  0  0  0]"
0.072005,"[ 0  0  0  0  0  0  0  0  0  0  0  0  0  0  0  1  2  0  0  0  5  7 11 14 25
 48 48 42 59 60 51 53 49 47 30 17 13  6  6  4  0  1  0  1  0  0  0  0  0  0
  0  0  0  0  0  0  0  0  0  0]"
0.073005,"[ 0  0  0  0  0  0  0  0  0  0  0  0  0  0  0  0  0  0  0  2  2 11 11 16 35
 24 47 51 68 60 58 54 46 41 21 24 11 11  4  2  1  0  0  0  0  0  0  0  0  0
  0  0  0  0  0  0  0  0  0  0]"
0.074005,"[ 0  0  0  0  0  0  0  0  0  0  0  0  0  0  0  0  0  1  2  1  1  8 24 11 17
 29 38 50 43 61 58 59 58 51 38 18 10  6  9  3  4  0  0  0  0  0  0  0  0  0
  0  0  0  0  0  0  0  0  0  0]"
0.075005,"[ 0  0  0  0  0  0  0  0  0  0  0  0  0  0  0  0  0  0  0  2  0  2 15 17 27
 33 49 48 63 51 55 50 65 32 34 25 12  8  3  6  2  0  1  0  0  0  0  0  0  0
  0  0  0  0  0  0  0  0  0  0]"
0.076005,"[ 0  0  0  0  0  0  0  0  0  0  0  0  0  0  0  0  0  2  2  1  1  2  7 19 28
 33 32 55 56 56 66 55 48 43 27 25 18 13  6  2  3  0  0  0  0  0  0  0  0  0
  0  0  0  0  0  0  0  0  0  0]"
0.077005,"[ 0  0  0  0  0  0  0  0  0  0  0  0  0  0  0  0  0  0  1  1  3 10 13 20 21
 39 47 49 39 64 60 48 58 43 26 28 16  6  4  1  0  2  0  1  0  0  0  0  0  0
  0  0  0  0  0  0  0  0  0  0]"
0.078005,"[ 0  0  0  0  0  0  0  0  0  0  0  0  0  0  0  0  0  0  3  1  3  9  8 12 27
 29 30 69 55 57 62 59 53 35 27 17 12 16  5  5  1  4  1  0  0  0  0  0  0  0
  0  0  0  0  0  0  0  0  0  0]"
0.079005,"[ 0  0  0  0  0  0  0  0  0  0  0  0  0  0  0  0  0  0  1  2  3  7 12 17 27
 40 51 50 59 45 67 41 56 33 29 21 21  5 10  1  0  2  0  0  0  0  0  0  0  0
  0  0  0  0  0  0  0  0  0  0]"
0.080005,"[ 0  0  0  0  0  0  0  0  0  0  0  0  0  0  0  0  0  0  0  0  2  4  7 16 12
 29 37 58 53 62 61 65 63 40 27 23 22 11  6  1  1  0  0  0  0  0  0  0  0  0
  0  0  0  0  0  0  0  0  0  0]"
0.081005,"[ 0  0  0  0  0  0  0  0  0  0  0  0  0  0  0  0  0  0  1  3  1  8  7 14 18
 34 34 46 50 71 63 63 43 42 28 25 16 11  7  7  5  0  2  0  1  0  0  0  0  0
  0  0  0  0  0  0  0  0  0  0]"
0.082005,"[ 0  0  0  0  0  0  0  0  0  0  0  0  0  0  0  0  0  1  0  1  4  5 12 18 26
 29 46 55 61 50 43 57 57 48 38 16 13 15  1  3  1  0  0  0  0  0  0  0  0  0
  0  0  0  0  0  0  0  0  0  0]"
0.083005,"[ 0  0  0  0  0  0  0  0  0  0  0  0  0  0  0  0  0  0  0  1  3  7 12 14 25
 33 44 53 67 67 59 52 42 43 34 15  9  4  6  6  4  0  0  0  0  0  0  0  0  0
  0  0  0  0  0  0  0  0  0  0]"
0.084005,"[ 0  0  0  0  0  0  0  0  0  0  0  0  0  0  0  0  0  0  0  0  2  5  5 22 30
 34 41 45 70 60 64 55 52 32 26 26 14  9  5  1  0  1  1  0  0  0  0  0  0  0
  0  0  0  0  0  0  0  0  0  0]"
0.085005,"[ 0  0  0  0  0  0  0  0  0  0  0  0  0  0  0  0  0  2  3  4  4 10  9 23 32
 42 39 45 69 71 49 57 39 26 30 15 14  6  5  3  1  2  0  0  0  0  0  0  0  0
  0  0  0  0  0  0  0  0  0  0]"
0.086005,"[ 0  0  0  0  0  0  0  0  0  0  0  0  0  0  0  0  0  0  0  2  2  4  8 23 19
 33 45 54 61 55 64 57 57 36 24 29  8 10  5  1  1  1  1  0  0  0  0  0  0  0
  0  0  0  0  0  0  0  0  0  0]"
0.087005,"[ 0  0  0  0  0  0  0  0  0  0  0  0  0  0  0  0  0  0  0  4  2  5 12 14 29
 31 36 37 58 67 65 59 53 40 27 20 14 10  9  4  4  0  0  0  0  0  0  0  0  0
  0  0  0  0  0  0  0  0  0  0]"
0.088005,"[ 0  0  0  0  0  0  0  0  0  0  0  0  0  0  0  0  0  0  1  4  2  4  8 22 22
 37 36 52 54 56 67 53 67 35 25 20 12 14  3  5  1  0  0  0  0  0  0  0  0  0
  0  0  0  0  0  0  0  0  0  0]"
0.089005,"[ 0  0  0  0  0  0  0  0  0  0  0  0  0  0  0  0  0  1  1  4  3  4  8 15 19
 23 41 55 61 65 65 57 43 48 25 21 15 10  5  6  3  1  0  1  0  0  0  0  0  0
  0  0  0  0  0  0  0  0  0  0]"
0.090005,"[ 0  0  0  0  0  0  0  0  0  0  0  0  0  0  0  0  0  0  0  1  2  3 12 18 25
 37 50 57 53 48 61 55 45 52 30 23 13  8  4  3  0  0  0  0  0  0  0  0  0  0
  0  0  0  0  0  0  0  0  0  0]"
0.091005,"[ 0  0  0  0  0  0  0  0  0  0  0  0  0  0  0  0  0  0  1  3  2 11 14 22 23
 25 57 57 50 58 67 50 59 29 21 20 12 11  4  2  1  1  0  0  0  0  0  0  0  0
  0  0  0  0  0  0  0  0  0  0]"
0.092005,"[ 0  0  0  0  0  0  0  0  0  0  0  0  0  0  0  0  0  0  1  0  2  7 15  7 18
 30 35 42 51 62 64 77 54 34 38 21 24  9  4  3  0  1  1  0  0  0  0  0  0  0
  0  0  0  0  0  0  0  0  0  0]"
0.093005,"[ 0  0  0  0  0  0  0  0  0  0  0  0  0  0  0  0  0  1  2  3  6  2 10 16 20
 30 50 57 62 56 63 69 33 36 29 24 12 11  4  1  2  1  0  0  0  0  0  0  0  0
  0  0  0  0  0  0  0  0  0  0]"
0.094005,"[ 0  0  0  0  0  0  0  0  0  0  0  0  0  0  0  0  0  0  2  4  7  8  9 17 27
 29 42 54 55 67 65 44 53 48 13 25 10  9  5  5  2  0  0  0  0  0  0  0  0  0
  0  0  0  0  0  0  0  0  0  0]"
0.095005,"[ 0  0  0  0  0  0  0  0  0  0  0  0  0  0  0  0  0  0  0  2  2  4 12 18 29
 42 44 67 70 67 67 52 26 28 23 18 13  7  4  4  0  1  0  0  0  0  0  0  0  0
  0  0  0  0  0  0  0  0  0  0]"
0.096005,"[ 0  0  0  0  0  0  0  0  0  0  0  0  0  0  0  0  1  1  1  3  4  5 15 14 26
 38 34 46 56 76 59 50 45 38 38 12 11 13  6  3  4  1  0  0  0  0  0  0  0  0
  0  0  0  0  0  0  0  0  0  0]"
0.097005,"[ 0  0  0  0  0  0  0  0  0  0  0  0  0  0  0  0  0  0  1  5  2  8 12 15 23
 29 51 53 65 56 57 68 49 41 25 14  8  6  7  3  1  1  0  0  0  0  0  0  0  0
  0  0  0  0  0  0  0  0  0  0]"
0.098005,"[ 0  0  0  0  0  0  0  0  0  0  0  0  0  0  0  0  0  0  0  1  0  4  9 18 23
 30 43 68 63 72 53 33 57 34 33 24 10 13  2  5  5  0  0  0  0  0  0  0  0  0
  0  0  0  0  0  0  0  0  0  0]"
0.099005,"[ 0  0  0  0  0  0  0  0  0  0  0  0  0  0  0  0  0  0  0  3  4  4 10 21 23
 41 46 52 59 55 65 68 50 33 27 13 12  4  6  2  0  2  0  0  0  0  0  0  0  0
  0  0  0  0  0  0  0  0  0  0]"
0.100005,"[ 0  0  0  0  0  0  0  0  0  0  0  0  0  0  0  0  0  0  0  1  5  5  7 14 33
 33 37 42 73 63 67 64 44 36 30 13 16  8  5  0  0  0  4  0  0  0  0  0  0  0
  0  0  0  0  0  0  0  0  0  0]"
0.101005,"[ 0  0  0  0  0  0  0  0  0  0  0  0  0  0  0  0  0  1  1  2  4  4  7 16 31
 30 33 50 64 62 69 51 45 38 37 21 14  7  7  2  4  0  0  0  0  0  0  0  0  0
  0  0  0  0  0  0  0  0  0  0]"
0.102005,"[ 0  0  0  0  0  0  0  0  0  0  0  0  0  0  0  0  2  1  1  2  2  8 22 20 32
 28 45 40 50 47 64 44 48 50 34 21 18  5  6  5  3  0  1  1  0  0  0  0  0  0
  0  0  0  0  0  0  0  0  0  0]"
0.103005,"[ 0  0  0  0  0  0  0  0  0  0  0  0  0  0  0  0  0  0  2  4  2  6 12 15 22
 22 44 42 60 65 64 58 46 35 51 17 12 11  6  2  1  1  0  0  0  0  0  0  0  0
  0  0  0  0  0  0  0  0  0  0]"
0.104005,"[ 0  0  0  0  0  0  0  0  0  0  0  0  0  0  0  0  0  1  1  1  3 10 14 17 22
 36 28 45 51 63 66 62 57 31 24 36 16  4  7  3  2  0  0  0  0  0  0  0  0  0
  0  0  0  0  0  0  0  0  0  0]"
0.105005,"[ 0  0  0  0  0  0  0  0  0  0  0  0  0  0  0  0  0  0  1  3  2  9 10 17 23
 40 35 61 56 64 57 50 43 39 38 24 10  7  8  3  0  0  0  0  0  0  0  0  0  0
  0  0  0  0  0  0  0  0  0  0]"
0.106005,"[ 0  0  0  0  0  0  0  0  0  0  0  0  0  0  0  0  0  0  0  1  4  9 17 17 27
 36 45 39 67 48 63 55 35 44 26 24 13  8 12  7  3  0  0  0  0  0  0  0  0  0
  0  0  0  0  0  0  0  0  0  0]"
0.107005,"[ 0  0  0  0  0  0  0  0  0  0  0  0  0  0  0  0  0  0  1  0  4  4 20 20 28
 36 51 49 53 70 51 62 39 37 23 29 11  6  1  3  2  0  0  0  0  0  0  0  0  0
  0  0  0  0  0  0  0  0  0  0]"
0.108005,"[ 0  0  0  0  0  0  0  0  0  0  0  0  0  0  0  0  0  0  0  0  2 12 11 21 18
 43 38 39 68 68 67 61 44 38 23 15 15  9  4  2  2  0  0  0  0  0  0  0  0  0
  0  0  0  0  0  0  0  0  0  0]"
0.109005,"[ 0  0  0  0  0  0  0  0  0  0  0  0  0  0  0  0  1  0  0  0  2  3  9 21 36
 52 52 44 60 69 49 43 47 30 26 17 16 12  4  2  2  2  1  0  0  0  0  0  0  0
  0  0  0  0  0  0  0  0  0  0]"
0.110005,"[ 0  0  0  0  0  0  0  0  0  0  0  0  0  0  0  0  1  0  1  3  3  8 15 21 31
 35 46 46 64 53 63 57 37 41 21 23 11  8  4  4  3  1  0  0  0  0  0  0  0  0
  0  0  0  0  0  0  0  0  0  0]"
0.111005,"[ 0  0  0  0  0  0  0  0  0  0  0  0  0  0  0  0  0  1  1  2  5  4 11 18 26
 30 34 52 68 74 57 56 39 41 35 16 19  8  3  0  0  0  0  0  0  0  0  0  0  0
  0  0  0  0  0  0  0  0  0  0]"
0.112005,"[ 0  0  0  0  0  0  0  0  0  0  0  0  0  0  0  0  1  0  1  4  2  9  8 28 36
 36 43 50 51 57 46 59 48 38 31 25 12  7  3  3  2  0  0  0  0  0  0  0  0  0
  0  0  0  0  0  0  0  0  0  0]"
0.113005,"[ 0  0  0  0  0  0  0  0  0  0  0  0  0  0  0  0  0  0  0  3  3 13  6  8 22
 38 40 52 58 74 78 37 49 35 30 23 17  7  2  1  4  0  0  0  0  0  0  0  0  0
  0  0  0  0  0  0  0  0  0  0]"
0.114005,"[ 0  0  0  0  0  0  0  0  0  0  0  0  0  0  0  0  0  0  3  1  6  7  9 15 32
 28 48 62 65 54 56 47 51 31 29 25 16  5  4  3  2  0  0  0  1  0  0  0  0  0
  0  0  0  0  0  0  0  0  0  0]"
0.115005,"[ 0  0  0  0  0  0  0  0  0  0  0  0  0  0  0  0  0  1  0  0  4  6  7  8 21
 40 61 56 60 65 52 67 55 32 28 14 12  8  2  1  0  0  0  0  0  0  0  0  0  0
  0  0  0  0  0  0  0  0  0  0]"
0.116005,"[ 0  0  0  0  0  0  0  0  0  0  0  0  0  0  0  0  0  0  1  1  4  8 11 18 34
 38 41 48 55 66 53 55 46 40 33 18 16  7  1  4  1  1  0  0  0  0  0  0  0  0
  0  0  0  0  0  0  0  0  0  0]"
0.117005,"[ 0  0  0  0  0  0  0  0  0  0  0  0  0  0  0  1  0  0  3  2  4  6  9 21 30
 48 47 59 63 61 66 48 41 30 21 12 14  6  3  3  0  0  2  0  0  0  0  0  0  0
  0  0  0  0  0  0  0  0  0  0]"
0.118005,"[ 0  0  0  0  0  0  0  0  0  0  0  0  0  0  0  0  0  0  0  1  4  4  9 16 30
 23 37 46 63 75 71 51 52 43 29 17 13  6  4  2  1  2  0  1  0  0  0  0  0  0
  0  0  0  0  0  0  0  0  0  0]"
0.119005,"[ 0  0  0  0  0  0  0  0  0  0  0  0  0  0  0  0  0  0  1  0  3  8 13 16 25
 39 37 68 66 55 60 54 54 38 17 16 14 11  2  0  3  0  0  0  0  0  0  0  0  0
  0  0  0  0  0  0  0  0  0  0]"
0.120005,"[ 0  0  0  0  0  0  0  0  0  0  0  0  0  0  0  0  0  0  1  0  1  3  9 14 21
 29 41 62 52 58 58 44 66 48 47 18 14 10  1  1  1  0  1  0  0  0  0  0  0  0
  0  0  0  0  0  0  0  0  0  0]"
0.121005,"[ 0  0  0  0  0  0  0  0  0  0  0  0  0  0  0  0  0  0  0  1  4  3 12 18 23
 27 48 69 64 50 52 59 52 49 31 19  5  1  8  2  2  1  0  0  0  0  0  0  0  0
  0  0  0  0  0  0  0  0  0  0]"
0.122005,"[ 0  0  0  0  0  0  0  0  0  0  0  0  0  0  0  0  0  0  3  1  2 10 13 14 21
 45 51 54 73 63 52 56 39 36 20 22 12  5  5  2  1  0  0  0  0  0  0  0  0  0
  0  0  0  0  0  0  0  0  0  0]"
0.123005,"[ 0  0  0  0  0  0  0  0  0  0  0  0  0  0  0  0  0  4  2  5  4  7 12 25 37
 47 50 61 73 58 56 57 28 36 18 14  1  2  2  1  0  0  0  0  0  0  0  0  0  0
  0  0  0  0  0  0  0  0  0  0]"
0.124005,"[ 0  0  0  0  0  0  0  0  0  0  0  0  0  0  0  0  0  0  0  0  2  5 12 20 33
 48 39 53 59 62 66 50 52 27 28 15 18  8  2  0  1  0  0  0  0  0  0  0  0  0
  0  0  0  0  0  0  0  0  0  0]"
0.125005,"[ 0  0  0  0  0  0  0  0  0  0  0  0  0  0  0  0  1  1  2  3  7  5 18 22 36
 40 50 43 65 59 58 52 36 29 25 17 21  5  4  1  0  0  0  0  0  0  0  0  0  0
  0  0  0  0  0  0  0  0  0  0]"
0.126005,"[ 0  0  0  0  0  0  0  0  0  0  0  0  0  0  0  0  0  0  2  2  2  4  9 11 30
 40 46 49 64 56 69 54 47 42 27 21  9 10  2  3  1  0  0  0  0  0  0  0  0  0
  0  0  0  0  0  0  0  0  0  0]"
0.127005,"[ 0  0  0  0  0  0  0  0  0  0  0  0  0  0  0  0  0  0  0  2  0  8  6 18 21
 45 44 42 60 65 70 69 48 35 31 12  8  8  5  3  0  0  0  0  0  0  0  0  0  0
  0  0  0  0  0  0  0  0  0  0]"
0.128005,"[ 0  0  0  0  0  0  0  0  0  0  0  0  0  0  0  0  1  2  4  2  6 12 18 17 31
 44 58 62 43 57 51 58 52 23 21 16 10  3  6  3  0  0  0  0  0  0  0  0  0  0
  0  0  0  0  0  0  0  0  0  0]"
0.129005,"[ 0  0  0  0  0  0  0  0  0  0  0  0  0  0  0  0  0  0  0  6  8 12 11 18 21
 31 46 56 65 56 50 61 49 39 28 21  8  8  3  2  0  0  1  0  0  0  0  0  0  0
  0  0  0  0  0  0  0  0  0  0]"
0.130005,"[ 0  0  0  0  0  0  0  0  0  0  0  0  0  0  0  0  0  0  0  1  8 17 20 16 27
 34 48 59 54 57 61 52 40 39 23 19 14  7  3  1  0  0  0  0  0  0  0  0  0  0
  0  0  0  0  0  0  0  0  0  0]"
0.131005,"[ 0  0  0  0  0  0  0  0  0  0  0  0  0  0  0  0  0  0  1  1  4 11 18 29 26
 24 37 60 71 75 54 58 48 21 21 16 13  5  4  1  1  1  0  0  0  0  0  0  0  0
  0  0  0  0  0  0  0  0  0  0]"
0.132005,"[ 0  0  0  0  0  0  0  0  0  0  0  0  0  0  0  0  0  0  1  5  1  7 10 16 38
 38 47 45 75 54 56 48 53 28 19 25 18  9  5  2  0  0  0  0  0  0  0  0  0  0
  0  0  0  0  0  0  0  0  0  0]"
0.133005,"[ 0  0  0  0  0  0  0  0  0  0  0  0  0  0  0  0  0  0  1  5  4  3 13 22 34
 52 49 56 59 64 57 45 42 33 27 13  7  7  3  4  0  0  0  0  0  0  0  0  0  0
  0  0  0  0  0  0  0  0  0  0]"
0.134005,"[ 0  0  0  0  0  0  0  0  0  0  0  0  0  0  0  0  0  0  1  2  2  5 12 24 22
 44 44 51 70 56 54 48 61 38 30 13  7  3  4  2  5  2  0  0  0  0  0  0  0  0
  0  0  0  0  0  0  0  0  0  0]"
0.135005,"[ 0  0  0  0  0  0  0  0  0  0  0  0  0  0  0  0  1  0  1  2  2  6 16 15 31
 48 41 51 53 48 67 58 51 42 34 16  8  4  1  1  2  1  0  0  0  0  0  0  0  0
  0  0  0  0  0  0  0  0  0  0]"
0.136005,"[ 0  0  0  0  0  0  0  0  0  0  0  0  0  0  0  0  0  1  1  1  6  5 10 24 35
 37 41 47 47 67 64 50 39 42 31 22  7 11  5  4  2  0  1  0  0  0  0  0  0  0
  0  0  0  0  0  0  0  0  0  0]"
0.137005,"[ 0  0  0  0  0  0  0  0  0  0  0  0  0  0  0  0  0  1  2  2  5 10 15  7 29
 35 42 63 66 58 60 57 52 43 21 18  6  3  2  2  0  1  0  0  0  0  0  0  0  0
  0  0  0  0  0  0  0  0  0  0]"
0.138005,"[ 0  0  0  0  0  0  0  0  0  0  0  0  0  0  0  0  0  0  1  0  3  5  8 17 18
 38 37 51 60 68 61 66 43 38 34 21 16  5  4  3  3  0  0  0  0  0  0  0  0  0
  0  0  0  0  0  0  0  0  0  0]"
0.139005,"[ 0  0  0  0  0  0  0  0  0  0  0  0  0  0  0  0  0  0  0  3  2 14 14 14 35
 44 45 53 67 63 64 45 43 37 22 19  8  3  3  0  1  1  0  0  0  0  0  0  0  0
  0  0  0  0  0  0  0  0  0  0]"
0.140005,"[ 0  0  0  0  0  0  0  0  0  0  0  0  0  0  0  0  0  1  1  0  8  7 15 12 33
 36 57 45 65 50 50 54 48 45 28 17 10 11  3  1  2  1  0  0  0  0  0  0  0  0
  0  0  0  0  0  0  0  0  0  0]"
0.141005,"[ 0  0  0  0  0  0  0  0  0  0  0  0  0  0  0  0  0  0  0  0  3  7 18 23 32
 30 62 52 56 72 61 55 35 41 18 20  9  3  2  0  0  1  0  0  0  0  0  0  0  0
  0  0  0  0  0  0  0  0  0  0]"
0.142005,"[ 0  0  0  0  0  0  0  0  0  0  0  0  0  0  0  0  0  2  2  2  2  8 14 22 24
 39 52 57 65 71 54 43 53 35 18 19  8  6  1  1  1  1  0  0  0  0  0  0  0  0
  0  0  0  0  0  0  0  0  0  0]"
0.143005,"[ 0  0  0  0  0  0  0  0  0  0  0  0  0  0  0  1  1  4  6  1  1  9 16 19 24
 33 44 58 56 62 73 54 46 37 24 13 12  2  1  2  0  1  0  0  0  0  0  0  0  0
  0  0  0  0  0  0  0  0  0  0]"
0.144005,"[ 0  0  0  0  0  0  0  0  0  0  0  0  0  0  0  0  0  1  0  3  2  6 16 26 22
 35 27 58 70 54 72 55 47 30 29 13 15 12  6  0  1  0  0  0  0  0  0  0  0  0
  0  0  0  0  0  0  0  0  0  0]"
0.145005,"[ 0  0  0  0  0  0  0  0  0  0  0  0  0  0  0  0  1  0  2  2  8 11 20 19 39
 39 50 48 47 51 65 48 59 29 24 14 10 10  1  2  1  0  0  0  0  0  0  0  0  0
  0  0  0  0  0  0  0  0  0  0]"
0.146005,"[ 0  0  0  0  0  0  0  0  0  0  0  0  0  0  0  1  1  3  0  2  4 11 19 14 24
 42 53 51 54 74 63 46 44 41 25 13  2  6  5  0  2  0  0  0  0  0  0  0  0  0
  0  0  0  0  0  0  0  0  0  0]"
0.147005,"[ 0  0  0  0  0  0  0  0  0  0  0  0  0  0  0  1  1  2  3  3  6  4 12 15 27
 38 46 53 61 69 64 55 40 39 24 18 10  4  2  2  0  0  1  0  0  0  0  0  0  0
  0  0  0  0  0  0  0  0  0  0]"
0.148005,"[ 0  0  0  0  0  0  0  0  0  0  0  0  0  0  0  0  0  0  0  3  1  3  8 12 19
 48 44 55 62 64 63 48 58 35 32 20  6 10  7  2  0  0  0  0  0  0  0  0  0  0
  0  0  0  0  0  0  0  0  0  0]"
0.149005,"[ 0  0  0  0  0  0  0  0  0  0  0  0  0  0  0  0  0  1  2  4  1  7  5 22 30
 38 49 62 65 56 58 45 53 33 28 20  5  8  5  1  2  0  0  0  0  0  0  0  0  0
  0  0  0  0  0  0  0  0  0  0]"
0.150005,"[ 0  0  0  0  0  0  0  0  0  0  0  0  0  0  0  0  0  1  1  2  3  6 17 18 39
 44 55 55 71 41 50 61 38 41 21 10  7  8  9  1  1  0  0  0  0  0  0  0  0  0
  0  0  0  0  0  0  0  0  0  0]"
0.151005,"[ 0  0  0  0  0  0  0  0  0  0  0  0  0  0  0  0  2  0  3  1  4  5 12 20 34
 37 46 60 64 61 61 59 47 33 14 13 12  7  2  3  0  0  0  0  0  0  0  0  0  0
  0  0  0  0  0  0  0  0  0  0]"
0.152005,"[ 0  0  0  0  0  0  0  0  0  0  0  0  0  0  0  0  0  0  5  3  6 11  5 26 36
 29 37 55 66 75 59 48 32 24 35 21 14  4  3  5  1  0  0  0  0  0  0  0  0  0
  0  0  0  0  0  0  0  0  0  0]"
0.153005,"[ 0  0  0  0  0  0  0  0  0  0  0  0  0  0  0  0  0  0  1  3  4  3 11 20 28
 46 42 49 64 75 51 53 48 31 24 21 13  7  1  4  0  1  0  0  0  0  0  0  0  0
  0  0  0  0  0  0  0  0  0  0]"
0.154005,"[ 0  0  0  0  0  0  0  0  0  0  0  0  0  0  0  0  1  0  1  1  4 10 13 22 34
 39 49 67 58 69 40 53 40 36 21 23  4  8  4  1  1  0  1  0  0  0  0  0  0  0
  0  0  0  0  0  0  0  0  0  0]"
0.155005,"[ 0  0  0  0  0  0  0  0  0  0  0  0  0  0  0  0  1  2  5  1  6  6 13 24 35
 36 42 54 61 66 59 56 31 35 34 13  8  6  3  0  0  3  0  0  0  0  0  0  0  0
  0  0  0  0  0  0  0  0  0  0]"
0.156005,"[ 0  0  0  0  0  0  0  0  0  0  0  0  0  0  0  0  0  0  1  1  4 14 21 10 30
 41 53 49 74 65 49 53 51 28 24 13  9  7  0  1  0  1  0  0  1  0  0  0  0  0
  0  0  0  0  0  0  0  0  0  0]"
0.157005,"[ 0  0  0  0  0  0  0  0  0  0  0  0  0  0  0  0  0  0  3  3  3  3  6 16 26
 32 47 53 81 59 64 52 54 32 27 15  7  5  7  1  3  0  1  0  0  0  0  0  0  0
  0  0  0  0  0  0  0  0  0  0]"
0.158005,"[ 0  0  0  0  0  0  0  0  0  0  0  0  0  0  0  0  2  2  0  2  3  5 17 15 34
 36 63 65 66 75 61 45 40 26 12 12  9  4  5  1  0  0  0  0  0  0  0  0  0  0
  0  0  0  0  0  0  0  0  0  0]"
0.159005,"[ 0  0  0  0  0  0  0  0  0  0  0  0  0  0  0  1  0  0  1  2  4 10 12 19 31
 39 55 60 59 69 64 42 37 35 20  8 15 10  2  1  0  2  2  0  0  0  0  0  0  0
  0  0  0  0  0  0  0  0  0  0]"
0.160005,"[ 0  0  0  0  0  0  0  0  0  0  0  0  0  0  0  0  0  0  1  1  4 14 12 24 39
 36 47 67 78 62 46 40 48 29 29 11  3  2  3  3  1  0  0  0  0  0  0  0  0  0
  0  0  0  0  0  0  0  0  0  0]"
0.161005,"[ 0  0  0  0  0  0  0  0  0  0  0  0  0  0  0  0  0  1  1  6  9 11 17 29 35
 43 52 66 63 52 59 40 37 25 21 21  4  4  1  2  1  0  0  0  0  0  0  0  0  0
  0  0  0  0  0  0  0  0  0  0]"
0.162005,"[ 0  0  0  0  0  0  0  0  0  0  0  0  0  0  0  0  1  0  0  2  6  6  8 20 31
 40 62 59 57 51 54 50 50 33 32 20  6  5  5  2  0  0  0  0  0  0  0  0  0  0
  0  0  0  0  0  0  0  0  0  0]"
0.163005,"[ 0  0  0  0  0  0  0  0  0  0  0  0  0  0  0  1  0  2  3  3  8  7 12 26 39
 59 39 47 61 46 63 50 46 28 18 17  9  7  1  2  1  5  0  0  0  0  0  0  0  0
  0  0  0  0  0  0  0  0  0  0]"
0.164005,"[ 0  0  0  0  0  0  0  0  0  0  0  0  0  0  0  0  0  0  1  2 10 17 11 25 25
 45 53 45 52 74 51 51 41 42 20 17  6  3  4  5  0  0  0  0  0  0  0  0  0  0
  0  0  0  0  0  0  0  0  0  0]"
0.165005,"[ 0  0  0  0  0  0  0  0  0  0  0  0  0  0  0  0  0  1  1  3  2  9 11 23 30
 40 42 65 71 55 50 43 35 44 29 22 12  5  6  0  1  0  0  0  0  0  0  0  0  0
  0  0  0  0  0  0  0  0  0  0]"
0.166005,"[ 0  0  0  0  0  0  0  0  0  0  0  0  0  0  0  0  0  0  2  2  6  8 19 24 41
 36 45 69 52 54 62 60 38 25 21 11  7  9  5  1  3  0  0  0  0  0  0  0  0  0
  0  0  0  0  0  0  0  0  0  0]"
0.167005,"[ 0  0  0  0  0  0  0  0  0  0  0  0  0  0  0  1  0  1  1  5  9 12 12 35 34
 30 41 54 47 59 58 61 43 44 22 15  6  6  2  0  2  0  0  0  0  0  0  0  0  0
  0  0  0  0  0  0  0  0  0  0]"
0.168005,"[ 0  0  0  0  0  0  0  0  0  0  0  0  0  1  0  0  2  1  7  7  7 15 23 38 23
 41 58 60 66 50 56 46 29 18 24 14  4  8  0  1  1  0  0  0  0  0  0  0  0  0
  0  0  0  0  0  0  0  0  0  0]"
0.169005,"[ 0  0  0  0  0  0  0  0  0  0  0  0  0  0  0  0  1  0  0  1  4 11  8 13 24
 34 44 60 51 66 69 55 51 44 26 19 11  5  1  0  0  0  1  1  0  0  0  0  0  0
  0  0  0  0  0  0  0  0  0  0]"
0.170005,"[ 0  0  0  0  0  0  0  0  0  0  0  0  0  0  0  0  0  2  3  2  7 15 11 25 31
 44 48 59 71 57 48 61 35 33 24 12  6  5  1  0  0  0  0  0  0  0  0  0  0  0
  0  0  0  0  0  0  0  0  0  0]"
0.171005,"[ 0  0  0  0  0  0  0  0  0  0  0  0  0  0  0  0  2  0  1  4  7 10 23 26 34
 36 48 40 67 71 53 45 40 32 21 14 13  6  2  4  1  0  0  0  0  0  0  0  0  0
  0  0  0  0  0  0  0  0  0  0]"
0.172005,"[ 0  0  0  0  0  0  0  0  0  0  0  0  0  0  0  0  0  1  2  4  5  8 15 27 32
 46 55 53 51 62 64 38 37 38 27 13  9  6  4  2  1  0  0  0  0  0  0  0  0  0
  0  0  0  0  0  0  0  0  0  0]"
0.173005,"[ 0  0  0  0  0  0  0  0  0  0  0  0  0  0  0  0  0  0  2  5  4 12 16 21 31
 34 39 63 53 43 66 50 44 40 33 17  7 13  5  2  0  0  0  0  0  0  0  0  0  0
  0  0  0  0  0  0  0  0  0  0]"
0.174005,"[ 0  0  0  0  0  0  0  0  0  0  0  0  0  0  0  0  0  0  3  2  9 11 21 22 39
 52 40 67 64 57 47 46 42 21 28 12 10  4  0  2  0  1  0  0  0  0  0  0  0  0
  0  0  0  0  0  0  0  0  0  0]"
0.175005,"[ 0  0  0  0  0  0  0  0  0  0  0  0  0  0  0  0  0  2  2  6  6  5 25 22 32
 34 46 66 68 59 44 53 41 35 22 12 12  4  2  1  1  0  0  0  0  0  0  0  0  0
  0  0  0  0  0  0  0  0  0  0]"
0.176005,"[ 0  0  0  0  0  0  0  0  0  0  0  0  0  0  0  0  0  1  0  3  7 11 12 17 35
 35 50 54 61 55 58 68 44 35 20 14  8  5  6  0  0  0  1  0  0  0  0  0  0  0
  0  0  0  0  0  0  0  0  0  0]"
0.177005,"[ 0  0  0  0  0  0  0  0  0  0  0  0  0  0  0  0  1  1  5  3  6  3  9 17 36
 46 61 47 56 67 54 51 31 41 22 14 16  6  3  3  0  1  0  0  0  0  0  0  0  0
  0  0  0  0  0  0  0  0  0  0]"
0.178005,"[ 0  0  0  0  0  0  0  0  0  0  0  0  0  0  0  0  0  1  2  5  3  9 14 20 38
 44 40 61 65 65 76 44 40 34 15 11  8  3  1  1  0  0  0  0  0  0  0  0  0  0
  0  0  0  0  0  0  0  0  0  0]"
0.179005,"[ 0  0  0  0  0  0  0  0  0  0  0  0  0  0  0  0  2  2  2  2 13 15 15 19 33
 33 50 59 75 59 55 43 28 35 22 14  7  9  6  1  0  1  0  0  0  0  0  0  0  0
  0  0  0  0  0  0  0  0  0  0]"
0.180005,"[ 0  0  0  0  0  0  0  0  0  0  0  0  0  0  0  0  0  2  1  2  2  6 19 13 23
 29 70 71 67 51 66 48 46 29 14 14 15  3  6  2  1  0  0  0  0  0  0  0  0  0
  0  0  0  0  0  0  0  0  0  0]"
0.181005,"[ 0  0  0  0  0  0  0  0  0  0  0  0  0  0  0  0  0  0  1  1  5  4 19 19 32
 38 51 51 74 66 76 43 37 34 24  8  9  4  3  1  0  0  0  0  0  0  0  0  0  0
  0  0  0  0  0  0  0  0  0  0]"
0.182005,"[ 0  0  0  0  0  0  0  0  0  0  0  0  0  0  0  0  0  0  7  5  5 10 16 17 42
 36 45 71 54 68 64 56 32 28 13 11  9  6  1  3  0  0  0  0  1  0  0  0  0  0
  0  0  0  0  0  0  0  0  0  0]"
